rowid,fk_paiement,fk_facture,amount
1,1,1,2380.00000000
2,1,2,1431.00000000
3,2,3,1904.00000000
